cliente, D ,n_pagos,fuente,segmento, P_tipico ,d_tipico,t,C,R,score,dias_liquidar,semaforo
SEGURA PANCHITO," $86,490 ",4,propio,3, $200 ,107,52,432.45,1.00,432.45,46055.92,rojo
NAVA C4," $130,595 ",16,propio,3," $1,000 ",14,39,130.60,2.73,356.52,5093.21,rojo
SAMUEL," $103,000 ",15,propio,3, $500 ,23,27,206.00,1.19,246.11,5562.00,rojo
MATA," $64,408 ",44,propio,2, $500 ,7,2,128.82,1.00,128.82,936.84,rojo
VAZQUEZ-L," $9,629 ",10,propio,1," $2,247 ",10,278,4.29,28.96,124.09,1191.25,rojo
ESCOBAR2," $96,175 ",11,propio,3," $1,000 ",29,27,96.18,1.00,96.18,2798.71,rojo
CAMPO51," $4,128,873 ",2,segmento,4," $80,000 ",17,31,51.61,1.82,94.11,1599.94,rojo
SAUL2," $33,154 ",5,propio,2, $500 ,50,48,66.31,1.00,66.31,3315.38,rojo
PARRA," $24,000 ",22,propio,1, $500 ,17,12,48.00,1.00,48.00,799.20,rojo
KIKA," $7,907 ",13,propio,1, $200 ,24,16,39.54,1.00,39.54,955.43,rojo
BETO," $7,450 ",4,propio,1, $200 ,73,72,37.25,1.00,37.25,2719.25,rojo
ANTUNEZ," $334,999 ",10,propio,4," $10,750 ",25,24,31.16,1.00,31.16,782.53,rojo
GERARD," $6,106 ",8,propio,1, $200 ,42,9,30.53,1.00,30.53,1290.96,rojo
JONADI," $98,262 ",2,segmento,3," $42,089 ",25,289,2.33,11.44,26.71,674.71,rojo
BUGARIN," $2,106,566 ",2,segmento,4," $80,000 ",17,3,26.33,1.00,26.33,447.65,rojo
BRETADO," $91,169 ",15,propio,3," $5,100 ",18,23,17.88,1.26,22.55,411.15,rojo
COMPETIDOR," $330,488 ",134,propio,4," $25,976 ",2,3,12.72,1.42,18.06,38.17,rojo
VAZQUEZ," $439,594 ",161,propio,4," $25,511 ",2,0,17.23,1.00,17.23,38.66,rojo
IVANOE," $433,960 ",8,propio,4," $81,988 ",38,118,5.29,3.13,16.55,624.57,rojo
NAVA 8," $5,400 ",8,propio,1, $500 ,38,51,10.80,1.33,14.39,550.80,rojo
ESIQUIO," $288,485 ",13,propio,4," $22,269 ",27,25,12.95,1.00,12.95,354.75,rojo
ABSALON," $9,479 ",16,propio,1," $1,000 ",22,28,9.48,1.27,12.00,265.40,rojo
RAMON," $206,179 ",25,propio,4," $20,180 ",14,10,10.22,1.00,10.22,146.71,rojo
CARLOS C," $171,169 ",22,propio,3," $20,625 ",13,11,8.30,1.00,8.30,106.64,rojo
MARTHA," $122,296 ",33,propio,3," $15,000 ",11,7,8.15,1.00,8.15,89.19,rojo
ADAN," $548,427 ",64,propio,4," $86,241 ",6,7,6.36,1.26,8.04,44.51,rojo
MAICITO-M," $2,057,684 ",24,propio,4," $269,583 ",14,7,7.63,1.00,7.63,109.18,rojo
DIEGO," $2,575,762 ",39,propio,4," $365,701 ",9,5,7.04,1.00,7.04,66.10,rojo
TVALDEZ," $430,880 ",26,propio,4," $63,332 ",14,7,6.80,1.00,6.80,96.82,rojo
TVILLAREAL," $92,200 ",2,segmento,3," $42,089 ",25,77,2.19,3.05,6.68,168.68,rojo
J.RGUEZ," $39,051 ",41,propio,2," $6,474 ",8,9,6.03,1.07,6.44,54.28,rojo
may-03," $332,619 ",13,propio,4," $52,537 ",30,10,6.33,1.00,6.33,187.50,rojo
MARTHA C.," $34,767 ",22,propio,2," $5,906 ",16,17,5.89,1.05,6.18,100.07,rojo
ISLAS," $96,972 ",123,propio,3," $27,416 ",3,5,3.54,1.72,6.09,17.69,rojo
GUZMAN," $403,587 ",53,propio,4," $70,170 ",7,6,5.75,1.00,5.75,39.57,amarillo
HDEZ.V.," $104,477 ",20,propio,3," $18,366 ",16,2,5.69,1.00,5.69,92.81,amarillo
MODESTO VILLA.," $174,917 ",8,propio,3," $32,988 ",57,30,5.30,1.00,5.30,302.91,amarillo
IRAIS," $257,047 ",7,propio,4," $50,000 ",56,35,5.14,1.00,5.14,287.89,amarillo
EDEN," $87,500 ",1,segmento,3," $42,089 ",25,61,2.08,2.41,5.02,126.82,amarillo
DESPENSAS," $192,004 ",21,propio,4," $39,248 ",10,6,4.89,1.00,4.89,48.38,amarillo
PEDRO," $312,583 ",13,propio,4," $64,545 ",28,6,4.84,1.00,4.84,135.23,amarillo
IVAN," $38,363 ",26,propio,2," $39,480 ",12,59,0.97,4.89,4.75,57.33,amarillo
GRACIANO," $31,303 ",3,segmento,1," $7,551 ",22,4,4.15,1.00,4.15,90.47,amarillo
BENJAMIN," $305,311 ",22,propio,4," $76,472 ",17,7,3.99,1.00,3.99,67.87,amarillo
GARCIA," $26,322 ",15,propio,1," $10,245 ",21,31,2.57,1.51,3.89,79.64,amarillo
NAVA C#2," $4,000 ",7,propio,0," $1,200 ",43,34,3.33,1.00,3.33,143.35,amarillo
CAMACHO," $164,471 ",6,propio,3," $51,510 ",38,24,3.19,1.00,3.19,119.74,amarillo
OMAR GONZALEZ," $62,471 ",53,propio,2," $19,586 ",7,6,3.19,1.00,3.19,21.97,amarillo
CISNEROS," $461,788 ",16,propio,4," $158,454 ",22,4,2.91,1.00,2.91,63.92,verde
JORGE L," $135,049 ",39,propio,3," $47,669 ",9,4,2.83,1.00,2.83,25.42,verde
CORREA 3," $29,082 ",18,propio,1," $11,126 ",20,12,2.61,1.00,2.61,51.51,verde
SILVIA," $173,822 ",13,propio,3," $66,999 ",28,25,2.59,1.00,2.59,72.44,verde
FILI," $319,659 ",4,propio,4," $127,500 ",71,25,2.51,1.00,2.51,176.75,verde
RAMON VELEZ," $149,422 ",6,propio,3," $61,240 ",30,14,2.44,1.00,2.44,73.20,verde
EZEQUIEL," $87,796 ",25,propio,3," $36,508 ",14,14,2.40,1.00,2.40,34.05,verde
RUBEN 2," $69,093 ",16,propio,2," $29,472 ",23,7,2.34,1.00,2.34,54.07,verde
TVALENZUELA," $282,445 ",36,propio,4," $486,709 ",9,35,0.58,3.93,2.28,20.31,verde
J.M.REV," $181,411 ",18,propio,4," $80,000 ",21,4,2.27,1.00,2.27,46.49,verde
JUANIS NVA," $17,000 ",1,segmento,1," $7,551 ",22,6,2.25,1.00,2.25,49.13,verde
CAMARILLO," $36,470 ",23,propio,2," $16,441 ",15,7,2.22,1.00,2.22,32.47,verde
PAPA," $213,610 ",5,propio,4," $99,410 ",84,5,2.15,1.00,2.15,180.50,verde
LAMEXICANA," $147,163 ",20,propio,3," $77,760 ",4,4,1.89,1.12,2.12,7.57,verde
ELVIA," $75,781 ",11,propio,3," $36,313 ",31,7,2.09,1.00,2.09,64.28,verde
MALUCHIN," $191,554 ",37,propio,4," $305,534 ",5,17,0.63,3.21,2.01,10.66,verde
CITY CLUB," $31,800 ",52,propio,2," $16,165 ",7,3,1.97,1.00,1.97,13.31,verde
SANMARTIN," $92,873 ",13,propio,3," $48,282 ",30,6,1.92,1.00,1.92,57.90,verde
JORGE R.," $4,216 ",15,propio,1," $4,465 ",9,17,0.94,1.91,1.80,16.05,verde
RENATA," $17,269 ",21,propio,1," $10,903 ",9,10,1.58,1.13,1.79,15.84,verde
LOREIDY," $18,011 ",51,propio,1," $10,762 ",4,3,1.67,1.00,1.67,7.31,verde
MANUEL H.," $41,088 ",23,propio,2," $25,000 ",16,7,1.64,1.00,1.64,26.15,verde
INDIO FINO," $10,061 ",56,propio,1," $6,272 ",6,3,1.60,1.00,1.60,9.74,verde
ELSA," $60,081 ",12,propio,2," $38,954 ",30,9,1.54,1.00,1.54,45.96,verde
MIGUEL RICO2," $193,839 ",6,propio,4," $131,028 ",53,40,1.48,1.00,1.48,77.67,verde
OBREGON," $3,889 ",3,segmento,0," $8,324 ",22,68,0.47,3.03,1.42,31.77,verde
MARIA D CARMEN," $65,553 ",35,propio,2," $47,040 ",10,2,1.39,1.00,1.39,13.73,verde
ERICK," $7,874 ",14,propio,1," $6,423 ",19,21,1.23,1.11,1.36,25.75,verde
LILIA," $160,130 ",16,propio,3," $118,476 ",22,17,1.35,1.00,1.35,30.16,verde
TRUJILLO," $56,928 ",13,propio,2," $42,932 ",28,18,1.33,1.00,1.33,37.23,verde
EJ.ROSITA," $86,359 ",12,propio,3," $80,808 ",29,35,1.07,1.21,1.30,37.40,verde
NAVA 6," $52,744 ",15,propio,2," $41,771 ",24,11,1.26,1.00,1.26,30.14,verde
CENTRAL," $35,000 ",1,segmento,2," $38,954 ",24,33,0.90,1.38,1.24,29.65,verde
OLY," $40,334 ",16,propio,2," $33,077 ",23,0,1.22,1.00,1.22,27.56,verde
MANCINAS," $61,870 ",10,propio,2," $52,034 ",37,14,1.19,1.00,1.19,43.64,verde
J.ACUÑA," $37,595 ",8,propio,2," $31,917 ",31,27,1.18,1.00,1.18,37.02,verde
CORREA 1," $8,881 ",17,propio,1," $7,551 ",22,5,1.18,1.00,1.18,25.67,verde
ene-06," $74,255 ",22,propio,3," $65,355 ",16,3,1.14,1.00,1.14,17.80,verde
PONCE," $29,640 ",5,propio,1," $26,417 ",56,38,1.12,1.00,1.12,62.83,verde
CHAIREZ-L," $26,910 ",15,propio,1," $24,031 ",25,0,1.12,1.00,1.12,28.44,verde
DAV.ACUÑA," $101,493 ",9,propio,3," $91,092 ",42,3,1.11,1.00,1.11,46.80,verde
A.ESPARZA3," $59,851 ",8,propio,2," $55,213 ",51,4,1.08,1.00,1.08,54.88,verde
PARTIDA," $4,084 ",8,propio,1," $3,955 ",49,11,1.03,1.00,1.03,50.98,verde
OLIVIA," $15,132 ",13,propio,1," $14,831 ",18,6,1.02,1.00,1.02,18.20,verde
CHAIREZ," $67,585 ",12,propio,2," $66,456 ",31,0,1.02,1.00,1.02,31.62,verde
AARON," $54,487 ",9,propio,2," $53,840 ",40,5,1.01,1.00,1.01,40.71,verde
SUNDAE," $45,038 ",46,propio,2," $48,795 ",7,5,0.92,1.00,0.92,6.33,verde
LEONOR," $32,060 ",8,propio,2," $35,023 ",41,40,0.92,1.00,0.92,37.76,verde
M.CARLOS 2," $60,877 ",7,propio,2," $70,362 ",53,28,0.87,1.00,0.87,45.86,verde
ELSA2," $86,777 ",13,propio,3," $101,034 ",30,9,0.86,1.00,0.86,25.34,verde
LEONEL B.," $642,503 ",15,propio,4," $750,871 ",30,7,0.86,1.00,0.86,25.67,verde
CAZEROLA," $888,209 ",38,propio,4," $1,107,144 ",7,4,0.80,1.00,0.80,5.64,verde
DELIA, $996 ,3,segmento,0," $8,324 ",22,150,0.12,6.69,0.80,17.95,verde
LILIANA," $34,909 ",15,propio,2," $50,902 ",25,2,0.69,1.00,0.69,17.43,verde
HUGO," $16,538 ",11,propio,1," $26,436 ",30,0,0.63,1.00,0.63,18.77,verde
JUANIS2," $17,639 ",17,propio,1," $28,970 ",20,10,0.61,1.00,0.61,12.14,verde
JORGE B.," $24,711 ",13,propio,1," $82,480 ",31,3,0.30,1.00,0.30,9.21,verde
BERNARDO," $23,053 ",5,propio,1," $77,883 ",66,47,0.30,1.00,0.30,19.54,verde
TVICTOR," $102,312 ",5,propio,3," $348,527 ",76,25,0.29,1.00,0.29,22.31,verde
CANATLAN," $1,600 ",2,segmento,0," $8,324 ",22,5,0.19,1.00,0.19,4.31,verde
ADRIANA," $32,752 ",5,propio,2," $225,440 ",77,13,0.15,1.00,0.15,11.19,verde
CORREA 2, $304 ,14,propio,0," $20,109 ",22,67,0.02,2.99,0.05,1.01,verde
MATA2, $0 ,7,propio,0," $7,780 ",4,243,0.00,60.75,0.00,0.01,verde
CONSUELO, $1 ,14,propio,0," $50,193 ",13,167,0.00,13.24,0.00,0.00,verde
POLLO F-2, $1 ,8,propio,0," $8,324 ",36,11,0.00,1.00,0.00,0.00,verde
LEAL, $-   ,3,segmento,," $34,050 ",22,13,0.00,1.00,0.00,0.00,verde
FOSE,"-$3,230 ",3,segmento,," $34,050 ",22,53,0.00,1.00,0.00,0.00,verde
FRANCO,-$200 ,1,segmento,," $34,050 ",22,212,0.00,1.00,0.00,0.00,verde
GALINDO MTY, $-   ,4,propio,," $20,000 ",53,168,0.00,1.00,0.00,0.00,verde
L.FDEZ.,-$0 ,26,propio,," $6,088 ",8,139,0.00,1.00,0.00,0.00,verde
JOSEAT, $-   ,1,segmento,," $34,050 ",22,7,0.00,1.00,0.00,0.00,verde
GRESBA, $-   ,1,segmento,," $34,050 ",22,77,0.00,1.00,0.00,0.00,verde
JAVIER MTY, $-   ,3,segmento,," $34,050 ",22,7,0.00,1.00,0.00,0.00,verde
JORGE B2, $-   ,10,propio,," $24,633 ",33,3,0.00,1.00,0.00,0.00,verde
VARIOS MTY,"-$10,046 ",13,propio,," $4,358 ",4,6,0.00,1.00,0.00,0.00,verde
VILLALUPE-25,"-$960,500 ",1,segmento,," $34,050 ",22,318,0.00,1.00,0.00,0.00,verde
ABEL, $-   ,1,segmento,," $34,050 ",22,139,0.00,1.00,0.00,0.00,verde
NAVA 1, $-   ,4,propio,," $80,000 ",29,265,0.00,1.00,0.00,0.00,verde
MIGUELHELGUERA, $-   ,1,segmento,," $34,050 ",22,189,0.00,1.00,0.00,0.00,verde
LUPE CARLOS, $-   ,10,propio,," $23,647 ",19,10,0.00,1.00,0.00,0.00,verde
EL EDEN, $-   ,1,segmento,," $34,050 ",22,84,0.00,1.00,0.00,0.00,verde
LUPEMAIZ26,"-$798,000 ",2,segmento,," $34,050 ",22,63,0.00,1.00,0.00,0.00,verde
PALOMA2, $-   ,4,propio,," $90,591 ",88,6,0.00,1.00,0.00,0.00,verde
PALACIOS, $-   ,5,propio,," $211,497 ",7,215,0.00,1.00,0.00,0.00,verde
PACHECO, $-   ,4,propio,," $56,520 ",52,182,0.00,1.00,0.00,0.00,verde
NAVA V2, $-   ,8,propio,," $14,543 ",20,4,0.00,1.00,0.00,0.00,verde
COMPEDIDOR-F, $-   ,1,segmento,," $34,050 ",22,334,0.00,1.00,0.00,0.00,verde
CHAGO, $-   ,5,propio,, $595 ,35,192,0.00,1.00,0.00,0.00,verde
PARRAS, $-   ,1,segmento,," $34,050 ",22,329,0.00,1.00,0.00,0.00,verde
ROGELIO1, $-   ,6,propio,," $23,900 ",40,80,0.00,1.00,0.00,0.00,verde
ROCIO, $-   ,42,propio,," $3,206 ",5,12,0.00,1.00,0.00,0.00,verde
AYUTLA, $-   ,1,segmento,," $34,050 ",22,7,0.00,1.00,0.00,0.00,verde
SAN ESTEBAN, $-   ,1,segmento,," $34,050 ",22,233,0.00,1.00,0.00,0.00,verde
BODEGA,"-$17,500 ",1,segmento,," $34,050 ",22,3,0.00,1.00,0.00,0.00,verde
CABRERA, $-   ,1,segmento,," $34,050 ",22,270,0.00,1.00,0.00,0.00,verde
TERE,"-$1,853 ",15,propio,," $92,181 ",28,5,0.00,1.00,0.00,0.00,verde
TOMAS LAMINAS,"-$50,000 ",14,propio,," $12,516 ",16,70,0.00,1.00,0.00,0.00,verde
TORT CANDELARIA,-$1 ,2,segmento,," $34,050 ",22,349,0.00,1.00,0.00,0.00,verde
